timezone,temp,humidity,description
2025-02-19 05:40:47,0.76,29,clear sky
2025-02-19 05:41:32,0.76,29,clear sky
2025-02-19 05:46:45,0.76,29,clear sky
2025-02-19 05:52:02,0.76,29,clear sky
2025-02-19 05:57:22,0.76,29,clear sky
2025-02-19 06:28:25,1.76,25,clear sky
2025-02-19 06:29:14,1.76,25,clear sky
2025-02-19 06:41:49,1.76,25,clear sky
2025-02-19 06:50:27,1.76,25,clear sky
2025-02-19 06:55:55,1.76,25,clear sky
2025-02-19 07:26:09,-0.42,18,clear sky
2025-02-19 07:35:52,0.76,25,clear sky
2025-02-19 07:41:27,0.76,25,clear sky
2025-02-19 07:47:22,0.76,25,clear sky
2025-02-19 07:52:47,0.76,25,clear sky
2025-02-19 07:58:12,0.76,25,clear sky
2025-02-19 08:39:29,0.76,29,clear sky
2025-02-19 08:50:41,0.76,29,clear sky
2025-02-19 08:56:27,0.76,29,clear sky
2025-02-19 09:30:29,-1.24,29,clear sky
2025-02-19 09:40:56,-1.24,29,clear sky
2025-02-19 09:46:39,-1.24,29,clear sky
2025-02-19 09:52:03,-1.24,29,clear sky
2025-02-19 09:57:21,-1.24,29,clear sky
2025-02-19 10:38:00,-3.24,39,clear sky
2025-02-19 10:45:08,-3.24,39,clear sky
2025-02-19 10:50:32,-3.24,39,clear sky
2025-02-19 10:56:07,-3.24,39,clear sky
2025-02-19 11:22:41,-3.24,43,clear sky
2025-02-19 11:27:55,-3.24,43,clear sky
2025-02-19 11:37:15,-3.24,43,clear sky
2025-02-19 11:42:38,-3.24,43,clear sky
2025-02-19 11:48:28,-3.24,43,clear sky
2025-02-19 11:54:12,-3.24,43,clear sky
2025-02-19 11:59:35,-3.24,43,clear sky
2025-02-19 13:02:44,-4.24,50,clear sky
2025-02-19 13:35:04,-5.24,50,clear sky
2025-02-19 13:42:24,-5.24,50,clear sky
2025-02-19 13:47:48,-5.24,50,clear sky
2025-02-19 13:53:29,-5.24,50,clear sky
2025-02-19 13:59:00,-5.24,50,clear sky
2025-02-19 14:35:53,-5.24,54,clear sky
2025-02-19 14:44:33,-5.24,54,clear sky
2025-02-19 14:50:14,-5.24,54,clear sky
2025-02-19 14:56:02,-5.24,54,clear sky
2025-02-19 15:31:36,-6.24,58,clear sky
2025-02-19 15:41:32,-6.24,58,clear sky
2025-02-19 15:47:10,-6.24,58,clear sky
2025-02-19 15:53:06,-6.24,58,clear sky
2025-02-19 15:58:30,-6.24,58,clear sky
2025-02-19 16:41:21,-6.24,58,clear sky
2025-02-19 16:51:41,-6.24,58,clear sky
2025-02-19 16:57:08,-6.24,58,clear sky
2025-02-19 17:30:52,-8.24,62,clear sky
2025-02-19 17:41:02,-8.24,62,clear sky
2025-02-19 17:46:30,-8.24,62,clear sky
2025-02-19 17:52:04,-8.24,62,clear sky
2025-02-19 17:57:35,-8.24,62,clear sky
2025-02-19 18:41:18,-8.24,67,clear sky
2025-02-19 18:50:19,-8.24,67,clear sky
2025-02-19 18:55:49,-8.24,67,clear sky
2025-02-19 19:19:13,-3.86,41,clear sky
2025-02-19 19:24:44,-9.24,73,clear sky
2025-02-19 19:30:03,-9.24,73,clear sky
2025-02-19 19:37:42,-9.24,73,clear sky
2025-02-19 19:43:13,-9.24,73,clear sky
2025-02-19 19:48:42,-9.24,73,clear sky
2025-02-19 19:54:14,-9.24,73,clear sky
2025-02-19 19:59:27,-9.24,73,clear sky
2025-02-19 20:31:31,-10.24,85,clear sky
2025-02-19 20:40:47,-10.24,85,clear sky
2025-02-19 20:46:17,-10.24,85,clear sky
2025-02-19 20:51:45,-10.24,85,clear sky
2025-02-19 20:57:11,-10.24,85,clear sky
2025-02-19 21:25:47,-10.24,85,clear sky
2025-02-19 21:35:21,-10.24,85,clear sky
2025-02-19 21:41:03,-10.24,85,clear sky
2025-02-19 21:46:44,-10.24,85,clear sky
2025-02-19 21:52:23,-10.24,85,clear sky
2025-02-19 21:57:42,-10.24,85,clear sky
2025-02-19 22:30:39,-8.24,73,clear sky
2025-02-19 22:40:10,-8.24,73,clear sky
2025-02-19 22:45:31,-8.24,73,clear sky
2025-02-19 22:51:09,-8.24,73,clear sky
2025-02-19 22:56:20,-8.24,73,clear sky
2025-02-19 23:25:58,-7.24,73,clear sky
2025-02-19 23:35:15,-7.24,73,clear sky
2025-02-19 23:40:52,-7.24,73,clear sky
2025-02-19 23:46:14,-7.24,73,clear sky
2025-02-19 23:51:41,-7.24,73,clear sky
2025-02-19 23:57:12,-7.24,73,clear sky
2025-02-20 02:43:20,-0.24,32,clear sky
2025-02-20 03:34:53,0.76,29,clear sky
2025-02-20 03:46:10,0.76,29,clear sky
2025-02-20 03:51:27,0.76,29,clear sky
2025-02-20 03:56:38,0.76,29,clear sky
2025-02-20 04:36:01,0.76,29,clear sky
2025-02-20 04:45:13,0.76,29,clear sky
2025-02-20 04:50:32,0.76,29,clear sky
2025-02-20 04:56:11,0.76,29,clear sky
2025-02-20 05:32:22,1.76,27,clear sky
2025-02-20 05:41:54,1.76,27,clear sky
2025-02-20 05:47:07,1.76,27,clear sky
2025-02-20 05:52:33,1.76,27,clear sky
2025-02-20 05:57:49,1.76,27,clear sky
2025-02-20 06:41:52,1.76,27,clear sky
2025-02-20 06:50:25,1.76,27,clear sky
2025-02-20 06:55:46,1.76,27,clear sky
2025-02-20 07:25:22,1.76,27,clear sky
2025-02-20 07:30:36,1.76,27,clear sky
2025-02-20 07:38:13,1.76,27,clear sky
2025-02-20 07:43:45,1.76,27,clear sky
2025-02-20 07:49:12,1.76,27,clear sky
2025-02-20 07:54:50,1.76,27,clear sky
2025-02-20 08:00:09,1.76,27,clear sky
2025-02-20 08:39:52,0.76,23,clear sky
2025-02-20 08:50:08,0.76,23,clear sky
2025-02-20 08:55:36,0.76,23,clear sky
2025-02-20 09:30:08,-1.24,29,clear sky
2025-02-20 09:41:25,-1.24,29,clear sky
2025-02-20 09:47:03,-1.24,29,clear sky
2025-02-20 09:52:36,-1.24,29,clear sky
2025-02-20 09:58:13,-1.24,29,clear sky
2025-02-20 10:38:38,-2.24,34,clear sky
2025-02-20 10:45:26,-2.24,34,clear sky
2025-02-20 10:50:56,-2.24,34,clear sky
2025-02-20 10:56:09,-2.24,34,clear sky
2025-02-20 11:22:56,-3.24,36,clear sky
2025-02-20 11:28:16,-3.24,36,clear sky
2025-02-20 11:37:25,-3.24,36,clear sky
2025-02-20 11:42:46,-3.24,36,clear sky
2025-02-20 11:48:28,-3.24,36,clear sky
2025-02-20 11:53:47,-3.24,36,clear sky
2025-02-20 11:59:03,-3.24,36,clear sky
2025-02-20 13:04:28,-4.24,39,clear sky
2025-02-20 13:37:05,-5.24,50,clear sky
2025-02-20 13:43:09,-5.24,50,clear sky
2025-02-20 13:48:53,-5.24,50,clear sky
2025-02-20 13:54:22,-5.24,50,clear sky
2025-02-20 13:59:45,-5.24,50,clear sky
2025-02-20 14:37:11,-5.24,54,clear sky
2025-02-20 14:44:51,-5.24,54,clear sky
2025-02-20 14:50:29,-5.24,54,clear sky
2025-02-20 14:56:02,-5.24,54,clear sky
2025-02-20 15:32:54,-6.24,58,clear sky
2025-02-20 15:43:38,-6.24,58,clear sky
2025-02-20 15:49:11,-6.24,58,clear sky
2025-02-20 15:54:41,-6.24,58,clear sky
2025-02-20 15:59:55,-6.24,58,clear sky
2025-02-20 16:44:15,-7.24,63,clear sky
2025-02-20 16:54:10,-7.24,63,clear sky
2025-02-20 16:59:32,-7.24,63,clear sky
2025-02-20 17:29:02,-6.24,63,clear sky
2025-02-20 17:40:32,-6.24,63,clear sky
2025-02-20 17:46:05,-6.24,63,clear sky
2025-02-20 17:51:37,-6.24,63,clear sky
2025-02-20 17:57:17,-6.24,63,clear sky
2025-02-20 18:41:40,-7.24,63,clear sky
2025-02-20 18:50:36,-7.24,63,clear sky
2025-02-20 18:55:51,-7.24,63,clear sky
2025-02-20 19:20:52,-9.24,62,clear sky
2025-02-20 19:26:12,-9.24,62,clear sky
2025-02-20 19:36:38,-9.24,62,clear sky
2025-02-20 21:26:37,-10.24,79,clear sky
2025-02-20 21:35:19,-10.24,79,clear sky
2025-02-20 21:40:46,-10.24,79,clear sky
2025-02-20 21:46:13,-10.24,79,clear sky
2025-02-20 21:51:32,-10.24,79,clear sky
2025-02-20 21:57:11,-10.24,79,clear sky
2025-02-20 22:32:42,-10.24,85,clear sky
2025-02-20 22:41:46,-10.24,85,clear sky
2025-02-20 22:47:18,-10.24,85,clear sky
2025-02-20 22:52:51,-10.24,85,clear sky
2025-02-20 22:58:34,-10.24,85,clear sky
2025-02-20 23:28:20,-7.24,73,clear sky
2025-02-20 23:37:34,-7.24,73,clear sky
2025-02-20 23:43:03,-7.24,73,clear sky
2025-02-20 23:48:32,-7.24,73,clear sky
2025-02-20 23:54:14,-7.24,73,clear sky
2025-02-20 23:59:41,-7.24,73,clear sky
2025-02-21 02:54:26,-0.24,32,clear sky
2025-02-21 03:37:29,0.76,32,clear sky
2025-02-21 03:45:47,0.76,32,clear sky
2025-02-21 03:51:22,0.76,32,clear sky
2025-02-21 03:56:40,0.76,32,clear sky
2025-02-21 04:40:26,0.76,32,clear sky
2025-02-21 04:49:42,0.76,32,clear sky
2025-02-21 04:55:00,0.76,32,clear sky
2025-02-21 05:31:48,0.76,32,clear sky
2025-02-21 05:41:15,0.76,32,clear sky
2025-02-21 05:46:55,0.76,32,clear sky
2025-02-21 05:52:43,0.76,32,clear sky
2025-02-21 05:58:14,0.76,32,clear sky
2025-02-21 06:41:43,0.76,37,clear sky
2025-02-21 06:50:16,0.76,37,clear sky
2025-02-21 06:55:28,0.76,37,clear sky
2025-02-21 07:25:43,0.76,40,clear sky
2025-02-21 07:34:31,0.76,40,clear sky
2025-02-21 07:39:45,0.76,40,clear sky
2025-02-21 07:44:58,0.76,40,clear sky
2025-02-21 07:50:12,0.76,40,clear sky
2025-02-21 07:55:37,0.76,40,clear sky
2025-02-21 08:37:40,1.76,30,clear sky
2025-02-21 08:47:48,1.76,30,clear sky
2025-02-21 08:53:20,1.76,30,clear sky
2025-02-21 08:58:50,1.76,30,clear sky
2025-02-21 09:30:07,-0.24,27,clear sky
2025-02-21 09:40:24,-0.24,27,clear sky
2025-02-21 09:46:05,-0.24,27,clear sky
2025-02-21 09:51:50,-0.24,27,clear sky
2025-02-21 09:57:12,-0.24,27,clear sky
2025-02-21 10:37:17,-2.24,37,clear sky
2025-02-21 10:43:58,-2.24,37,clear sky
2025-02-21 10:49:17,-2.24,37,clear sky
2025-02-21 10:54:51,-2.24,37,clear sky
2025-02-21 11:00:11,-2.24,37,clear sky
2025-02-21 11:25:53,-2.24,40,clear sky
2025-02-21 11:35:48,-2.24,40,clear sky
2025-02-21 11:41:27,-2.24,40,clear sky
2025-02-21 11:46:48,-2.24,40,clear sky
2025-02-21 11:52:39,-2.24,40,clear sky
2025-02-21 11:58:18,-2.24,40,clear sky
2025-02-21 13:03:11,-3.24,46,clear sky
2025-02-21 13:31:45,-4.24,50,clear sky
2025-02-21 13:39:56,-4.24,50,clear sky
2025-02-21 13:45:01,-4.24,50,clear sky
2025-02-21 13:50:15,-4.24,50,clear sky
2025-02-21 13:55:31,-4.24,50,clear sky
2025-02-21 14:31:38,-4.24,50,clear sky
2025-02-21 14:42:13,-4.24,50,clear sky
2025-02-21 14:47:48,-4.24,50,clear sky
2025-02-21 14:53:19,-4.24,50,clear sky
2025-02-21 14:58:42,-4.24,50,clear sky
2025-02-21 15:30:47,-4.24,54,clear sky
2025-02-21 15:41:07,-4.24,54,clear sky
2025-02-21 15:46:37,-4.24,54,clear sky
2025-02-21 15:52:11,-4.24,54,clear sky
2025-02-21 15:57:42,-4.24,54,clear sky
2025-02-21 16:39:11,-5.24,58,clear sky
2025-02-21 16:46:17,-5.24,58,clear sky
2025-02-21 16:52:07,-5.24,58,clear sky
2025-02-21 17:04:05,-5.24,58,clear sky
2025-02-21 17:27:26,-5.24,63,clear sky
2025-02-21 17:35:41,-5.24,63,clear sky
2025-02-21 17:41:26,-5.24,63,clear sky
2025-02-21 17:46:46,-5.24,63,clear sky
2025-02-21 17:52:23,-5.24,63,clear sky
2025-02-21 17:57:53,-5.24,63,clear sky
2025-02-21 18:40:27,-6.24,73,clear sky
2025-02-21 18:49:35,-6.24,73,clear sky
2025-02-21 18:54:59,-6.24,73,clear sky
2025-02-21 19:00:15,-6.24,73,clear sky
2025-02-21 19:21:16,-4,38,clear sky
2025-02-21 19:26:27,-7.24,73,clear sky
2025-02-21 19:35:53,-7.24,73,clear sky
2025-02-21 19:41:27,-7.24,73,clear sky
2025-02-21 19:46:57,-7.24,73,clear sky
2025-02-21 19:52:48,-7.24,73,clear sky
2025-02-21 19:57:57,-7.24,73,clear sky
2025-02-21 20:30:04,-8.24,86,clear sky
2025-02-21 20:41:07,-8.24,86,clear sky
2025-02-21 20:46:51,-8.24,86,clear sky
2025-02-21 20:52:02,-8.24,86,clear sky
2025-02-21 20:57:33,-8.24,86,clear sky
2025-02-21 21:22:35,-7.24,73,clear sky
2025-02-21 21:29:15,-7.24,73,clear sky
2025-02-21 21:37:07,-7.24,73,clear sky
2025-02-21 21:42:49,-7.24,73,clear sky
2025-02-21 21:48:04,-7.24,73,clear sky
2025-02-21 21:53:47,-7.24,73,clear sky
2025-02-21 21:59:08,-7.24,73,clear sky
2025-02-21 22:32:33,-7.24,79,clear sky
2025-02-21 22:41:18,-7.24,79,clear sky
2025-02-21 22:46:53,-7.24,79,clear sky
2025-02-21 22:52:38,-7.24,79,clear sky
2025-02-21 22:58:07,-7.24,79,clear sky
2025-02-21 23:27:37,-6.24,73,clear sky
2025-02-21 23:36:05,-6.24,73,clear sky
2025-02-21 23:41:33,-6.24,73,clear sky
2025-02-21 23:47:14,-6.24,73,clear sky
2025-02-21 23:52:59,-6.24,73,clear sky
2025-02-21 23:58:25,-6.24,73,clear sky
2025-02-22 02:38:30,-0.24,34,clear sky
2025-02-22 03:30:20,0.76,34,clear sky
2025-02-22 03:41:31,0.76,34,clear sky
2025-02-22 03:46:58,0.76,34,clear sky
2025-02-22 03:52:36,0.76,34,clear sky
2025-02-22 03:58:05,0.76,34,clear sky
2025-02-22 04:38:48,1.76,32,clear sky
2025-02-22 04:46:22,1.76,32,clear sky
2025-02-22 04:52:04,1.76,32,clear sky
2025-02-22 04:57:30,1.76,32,clear sky
2025-02-22 05:30:32,0.76,34,clear sky
2025-02-22 05:39:51,0.76,34,clear sky
2025-02-22 05:45:03,0.76,34,clear sky
2025-02-22 05:50:15,0.76,34,clear sky
2025-02-22 05:55:43,0.76,34,clear sky
2025-02-22 06:41:28,0.76,37,clear sky
2025-02-22 06:50:20,0.76,37,clear sky
2025-02-22 06:55:46,0.76,37,clear sky
2025-02-22 07:22:25,-0.02,28,clear sky
2025-02-22 07:27:50,0.76,37,clear sky
2025-02-22 07:35:56,0.76,37,clear sky
2025-02-22 07:41:36,0.76,37,clear sky
2025-02-22 07:47:08,0.76,37,clear sky
2025-02-22 07:52:45,0.76,37,clear sky
2025-02-22 07:58:18,0.76,37,clear sky
2025-02-22 08:32:39,0.76,37,clear sky
2025-02-22 08:43:43,0.76,37,clear sky
2025-02-22 08:49:30,0.76,37,clear sky
2025-02-22 08:55:04,0.76,37,clear sky
2025-02-22 09:26:32,-0.49,28,clear sky
2025-02-22 09:33:59,-1.24,47,clear sky
2025-02-22 09:39:11,-1.24,47,clear sky
2025-02-22 09:44:22,-1.24,47,clear sky
2025-02-22 09:50:02,-1.24,47,clear sky
2025-02-22 09:55:20,-1.24,47,clear sky
2025-02-22 10:37:47,-1.24,51,clear sky
2025-02-22 10:44:09,-1.24,51,clear sky
2025-02-22 10:49:22,-1.24,51,clear sky
2025-02-22 10:54:53,-1.24,51,clear sky
2025-02-22 11:00:22,-1.24,51,clear sky
2025-02-22 11:20:24,-2.26,34,clear sky
2025-02-22 11:26:03,-2.26,34,clear sky
2025-02-22 11:35:11,-2.24,37,clear sky
2025-02-22 11:40:25,-2.24,37,clear sky
2025-02-22 11:46:13,-2.24,37,clear sky
2025-02-22 11:51:55,-2.24,37,clear sky
2025-02-22 11:57:18,-2.24,37,clear sky
2025-02-22 12:57:04,-4.24,42,clear sky
2025-02-22 13:27:26,-5.24,46,clear sky
2025-02-22 13:34:52,-5.24,46,clear sky
2025-02-22 13:40:10,-5.24,46,clear sky
2025-02-22 13:45:51,-5.24,46,clear sky
2025-02-22 13:51:20,-5.24,46,clear sky
2025-02-22 13:56:33,-5.24,46,clear sky
2025-02-22 14:28:57,-5.24,50,clear sky
2025-02-22 14:37:19,-5.24,50,clear sky
2025-02-22 14:42:43,-5.24,50,clear sky
2025-02-22 14:48:26,-5.24,50,clear sky
2025-02-22 14:53:57,-5.24,50,clear sky
2025-02-22 14:59:25,-5.24,50,clear sky
2025-02-22 15:27:06,-6.24,53,clear sky
2025-02-22 15:35:06,-6.24,53,clear sky
2025-02-22 15:40:17,-6.24,53,clear sky
2025-02-22 15:45:54,-6.24,53,clear sky
2025-02-22 15:51:13,-6.24,53,clear sky
2025-02-22 15:56:30,-6.24,53,clear sky
2025-02-22 16:34:40,-6.24,58,clear sky
2025-02-22 16:43:09,-6.24,58,clear sky
2025-02-22 16:48:32,-6.24,58,clear sky
2025-02-22 16:54:03,-6.24,58,clear sky
2025-02-22 16:59:38,-6.24,58,clear sky
2025-02-22 17:30:18,-8.24,62,clear sky
2025-02-22 17:38:13,-8.24,62,clear sky
2025-02-22 17:43:32,-8.24,62,clear sky
2025-02-22 17:49:08,-8.24,62,clear sky
2025-02-22 17:54:30,-8.24,62,clear sky
2025-02-22 17:59:53,-8.24,62,clear sky
2025-02-22 18:37:32,-7.24,58,clear sky
2025-02-22 18:44:30,-7.24,58,clear sky
2025-02-22 18:50:05,-7.24,58,clear sky
2025-02-22 18:55:42,-7.24,58,clear sky
2025-02-22 19:18:53,-9.24,67,clear sky
2025-02-22 19:24:26,-4.19,39,clear sky
2025-02-22 19:29:43,-9.24,67,clear sky
2025-02-22 19:36:29,-9.24,67,clear sky
2025-02-22 19:41:49,-9.24,67,clear sky
2025-02-22 19:47:42,-9.24,67,clear sky
2025-02-22 19:53:14,-9.24,67,clear sky
2025-02-22 19:58:47,-9.24,67,clear sky
2025-02-22 20:27:30,-4.47,37,clear sky
2025-02-22 20:35:15,-8.24,67,clear sky
2025-02-22 20:40:55,-8.24,67,clear sky
2025-02-22 20:46:35,-8.24,67,clear sky
2025-02-22 20:52:05,-8.24,67,clear sky
2025-02-22 20:57:48,-8.24,67,clear sky
2025-02-22 21:24:59,-8.24,67,clear sky
2025-02-22 21:30:23,-8.24,67,clear sky
2025-02-22 21:37:49,-8.24,67,clear sky
2025-02-22 21:43:09,-8.24,67,clear sky
2025-02-22 21:48:48,-8.24,67,clear sky
2025-02-22 21:54:20,-8.24,67,clear sky
2025-02-22 21:59:35,-8.24,67,clear sky
2025-02-22 22:30:46,-7.24,63,clear sky
2025-02-22 22:39:43,-7.24,63,clear sky
2025-02-22 22:44:55,-7.24,63,clear sky
2025-02-22 22:50:18,-7.24,63,clear sky
2025-02-22 22:55:39,-7.24,63,clear sky
2025-02-22 23:23:41,-4.93,37,clear sky
2025-02-22 23:29:17,-5.24,58,clear sky
2025-02-22 23:37:47,-5.24,58,clear sky
2025-02-22 23:43:16,-5.24,58,clear sky
2025-02-22 23:48:45,-5.24,58,clear sky
2025-02-22 23:54:10,-5.24,58,clear sky
2025-02-22 23:59:44,-5.24,58,clear sky
2025-02-23 02:58:27,-1.24,37,clear sky
2025-02-23 03:38:35,-2.24,34,few clouds
2025-02-23 03:46:10,-2.24,34,few clouds
2025-02-23 03:51:29,-2.24,34,few clouds
2025-02-23 03:56:53,-2.24,34,few clouds
2025-02-23 04:38:41,-0.24,32,few clouds
2025-02-23 04:46:28,-0.24,32,few clouds
2025-02-23 04:52:08,-0.24,32,few clouds
2025-02-23 04:57:19,-0.24,32,few clouds
2025-02-23 05:30:58,-0.24,27,clear sky
2025-02-23 05:40:13,-0.24,27,clear sky
2025-02-23 05:45:24,-0.24,27,clear sky
2025-02-23 05:51:02,-0.24,27,clear sky
2025-02-23 05:56:12,-0.24,27,clear sky
2025-02-23 06:38:44,-0.24,29,clear sky
2025-02-23 06:46:23,-0.24,29,clear sky
2025-02-23 06:51:56,-0.24,29,clear sky
2025-02-23 06:57:27,-0.24,29,clear sky
2025-02-23 07:25:06,-0.24,34,clear sky
2025-02-23 07:30:19,-0.24,34,clear sky
2025-02-23 07:37:27,-0.24,34,clear sky
2025-02-23 07:42:46,-0.24,34,clear sky
2025-02-23 07:48:14,-0.24,34,clear sky
2025-02-23 07:53:45,-0.24,34,clear sky
2025-02-23 07:59:00,-0.24,34,clear sky
2025-02-23 08:34:08,-0.24,29,clear sky
2025-02-23 08:45:39,-0.24,29,clear sky
2025-02-23 08:50:49,-0.24,29,clear sky
2025-02-23 08:56:15,-0.24,29,clear sky
2025-02-23 09:28:34,-2.24,34,clear sky
2025-02-23 09:40:34,-2.24,34,clear sky
2025-02-23 09:45:49,-2.24,34,clear sky
2025-02-23 09:51:23,-2.24,34,clear sky
2025-02-23 09:56:39,-2.24,34,clear sky
2025-02-23 10:33:37,-3.24,36,clear sky
2025-02-23 10:41:53,-3.24,36,clear sky
2025-02-23 10:47:41,-3.24,36,clear sky
2025-02-23 10:53:17,-3.24,36,clear sky
2025-02-23 10:58:33,-3.24,36,clear sky
2025-02-23 11:21:42,-4.24,42,clear sky
2025-02-23 11:27:01,-4.24,42,clear sky
2025-02-23 11:39:14,-4.24,42,clear sky
2025-02-23 11:44:26,-4.24,42,clear sky
2025-02-23 11:50:06,-4.24,42,clear sky
2025-02-23 11:55:37,-4.24,42,clear sky
2025-02-23 12:58:32,-5.24,50,clear sky
2025-02-23 13:28:17,-5.24,50,clear sky
2025-02-23 13:35:15,-5.24,50,clear sky
2025-02-23 13:40:48,-5.24,50,clear sky
2025-02-23 13:46:13,-5.24,50,clear sky
2025-02-23 13:51:58,-5.24,50,clear sky
2025-02-23 13:57:12,-5.24,50,clear sky
2025-02-23 14:29:53,-6.24,53,clear sky
2025-02-23 14:41:25,-6.24,53,clear sky
2025-02-23 14:46:51,-6.24,53,clear sky
2025-02-23 14:52:08,-6.24,53,clear sky
2025-02-23 14:57:12,-6.24,53,clear sky
2025-02-23 15:26:26,-6.24,53,clear sky
2025-02-23 15:35:39,-6.24,53,clear sky
2025-02-23 15:41:00,-6.24,53,clear sky
2025-02-23 15:46:29,-6.24,53,clear sky
2025-02-23 15:52:10,-6.24,53,clear sky
2025-02-23 15:57:32,-6.24,53,clear sky
2025-02-23 16:34:36,-6.24,58,clear sky
2025-02-23 16:43:27,-6.24,58,clear sky
2025-02-23 16:48:55,-6.24,58,clear sky
2025-02-23 16:54:32,-6.24,58,clear sky
2025-02-23 17:00:03,-6.24,58,clear sky
2025-02-23 17:27:54,-8.24,62,clear sky
2025-02-23 17:37:49,-8.24,62,clear sky
2025-02-23 17:43:08,-8.24,62,clear sky
2025-02-23 17:48:58,-8.24,62,clear sky
2025-02-23 17:54:29,-8.24,62,clear sky
2025-02-23 17:59:49,-8.24,62,clear sky
2025-02-23 18:37:38,-8.24,67,clear sky
2025-02-23 18:44:50,-8.24,67,clear sky
2025-02-23 18:50:18,-8.24,67,clear sky
2025-02-23 18:55:51,-8.24,67,clear sky
2025-02-23 19:18:25,-4,41,clear sky
2025-02-23 19:24:03,-10.24,79,clear sky
2025-02-23 19:29:15,-10.24,79,clear sky
2025-02-23 19:37:40,-10.24,79,clear sky
2025-02-23 19:42:56,-10.24,79,clear sky
2025-02-23 19:48:19,-10.24,79,clear sky
2025-02-23 19:53:47,-10.24,79,clear sky
2025-02-23 19:59:09,-10.24,79,clear sky
2025-02-23 20:28:49,-10.24,73,clear sky
2025-02-23 20:40:44,-10.24,73,clear sky
2025-02-23 20:46:29,-10.24,73,clear sky
2025-02-23 20:51:51,-10.24,73,clear sky
2025-02-23 20:57:18,-10.24,73,clear sky
2025-02-23 21:25:23,-9.24,73,clear sky
2025-02-23 21:31:06,-9.24,73,clear sky
2025-02-23 21:37:20,-9.24,73,clear sky
2025-02-23 21:42:44,-9.24,73,clear sky
2025-02-23 21:48:14,-9.24,73,clear sky
2025-02-23 21:53:49,-9.24,73,clear sky
2025-02-23 21:59:07,-9.24,73,clear sky
2025-02-23 22:31:10,-10.24,79,clear sky
2025-02-23 22:40:14,-10.24,79,clear sky
2025-02-23 22:45:35,-10.24,79,clear sky
2025-02-23 22:51:10,-10.24,79,clear sky
2025-02-23 22:56:22,-10.24,79,clear sky
2025-02-23 23:24:52,-7.24,68,clear sky
2025-02-23 23:30:13,-7.24,68,clear sky
2025-02-23 23:38:53,-7.24,68,clear sky
2025-02-23 23:44:23,-7.24,68,clear sky
2025-02-23 23:50:11,-7.24,68,clear sky
2025-02-23 23:55:29,-7.24,68,clear sky
2025-02-24 02:58:47,0.76,32,clear sky
2025-02-24 03:41:25,1.76,30,clear sky
2025-02-24 03:50:41,1.76,30,clear sky
2025-02-24 03:55:53,1.76,30,clear sky
2025-02-24 04:36:27,2.76,30,clear sky
2025-02-24 04:45:12,2.76,30,clear sky
2025-02-24 04:50:49,2.76,30,clear sky
2025-02-24 04:56:16,2.76,30,clear sky
2025-02-24 05:32:24,3.76,33,clear sky
2025-02-24 05:41:56,3.76,33,clear sky
2025-02-24 05:47:19,3.76,33,clear sky
2025-02-24 05:52:46,3.76,33,clear sky
2025-02-24 05:58:18,3.76,33,clear sky
2025-02-24 06:44:47,3.76,33,clear sky
2025-02-24 06:51:53,3.76,33,clear sky
2025-02-24 06:57:23,3.76,33,clear sky
2025-02-24 07:26:37,3.76,30,clear sky
2025-02-24 07:35:12,3.76,30,clear sky
2025-02-24 07:40:45,3.76,30,clear sky
2025-02-24 07:46:39,3.76,30,clear sky
2025-02-24 07:52:23,3.76,30,clear sky
2025-02-24 07:58:06,3.76,30,clear sky
2025-02-24 08:40:23,3.76,30,clear sky
2025-02-24 08:51:16,3.76,30,clear sky
2025-02-24 08:56:53,3.76,30,clear sky
2025-02-24 09:32:04,1.76,35,clear sky
2025-02-24 09:42:05,1.76,35,clear sky
2025-02-24 09:47:19,1.76,35,clear sky
2025-02-24 09:52:38,1.76,35,clear sky
2025-02-24 09:57:47,1.76,35,clear sky
2025-02-24 10:39:00,0.76,40,clear sky
2025-02-24 10:46:27,0.76,40,clear sky
2025-02-24 10:51:58,0.76,40,clear sky
2025-02-24 10:57:16,0.76,40,clear sky
2025-02-24 11:23:44,0.76,60,clear sky
2025-02-24 11:29:07,0.76,60,clear sky
2025-02-24 11:38:00,0.76,60,clear sky
2025-02-24 11:43:34,0.76,60,clear sky
2025-02-24 11:49:26,0.76,60,clear sky
2025-02-24 11:55:05,0.76,60,clear sky
2025-02-24 13:04:41,0.76,64,clear sky
2025-02-24 13:38:49,-0.24,69,clear sky
2025-02-24 13:44:46,-0.24,69,clear sky
2025-02-24 13:50:10,-0.24,69,clear sky
2025-02-24 13:55:29,-0.24,69,clear sky
2025-02-24 14:36:30,-2.24,86,clear sky
2025-02-24 14:45:08,-2.24,86,clear sky
2025-02-24 14:50:25,-2.24,86,clear sky
2025-02-24 14:56:04,-2.24,86,clear sky
2025-02-24 15:33:28,-5.24,93,clear sky
2025-02-24 15:44:13,-5.24,93,clear sky
2025-02-24 15:49:52,-5.24,93,clear sky
2025-02-24 15:55:50,-5.24,93,clear sky
2025-02-24 16:43:51,-6.24,100,clear sky
2025-02-24 16:53:47,-6.24,100,clear sky
2025-02-24 16:59:10,-6.24,100,clear sky
2025-02-24 17:29:49,-5.24,100,clear sky
2025-02-24 17:40:10,-5.24,100,clear sky
2025-02-24 17:45:24,-5.24,100,clear sky
2025-02-24 17:51:06,-5.24,100,clear sky
2025-02-24 17:56:41,-5.24,100,clear sky
2025-02-24 18:42:44,-7.24,93,clear sky
2025-02-24 18:51:12,-7.24,93,clear sky
2025-02-24 18:56:40,-7.24,93,clear sky
2025-02-24 19:21:24,-0.5,65,few clouds
2025-02-24 19:26:44,-0.5,65,few clouds
2025-02-24 19:37:02,-6.24,93,clear sky
2025-02-24 19:42:23,-6.24,93,clear sky
2025-02-24 19:48:05,-6.24,93,clear sky
2025-02-24 19:53:45,-6.24,93,clear sky
2025-02-24 19:59:16,-6.24,93,clear sky
2025-02-24 20:31:46,-7.24,100,clear sky
2025-02-24 20:42:30,-7.24,100,clear sky
2025-02-24 20:47:43,-7.24,100,clear sky
2025-02-24 20:53:15,-7.24,100,clear sky
2025-02-24 20:58:34,-7.24,100,clear sky
2025-02-24 21:26:13,-0.58,69,broken clouds
2025-02-24 21:36:35,-7.24,100,clear sky
2025-02-24 21:41:45,-7.24,100,clear sky
2025-02-24 21:47:17,-7.24,100,clear sky
2025-02-24 21:52:57,-7.24,100,clear sky
2025-02-24 21:58:22,-7.24,100,clear sky
2025-02-24 22:33:34,-6.24,100,clear sky
2025-02-24 22:42:25,-6.24,100,clear sky
2025-02-24 22:47:54,-6.24,100,clear sky
2025-02-24 22:53:09,-6.24,100,clear sky
2025-02-24 22:58:21,-6.24,100,clear sky
2025-02-24 23:27:06,-0.53,66,scattered clouds
2025-02-24 23:35:39,-3.24,93,clear sky
2025-02-24 23:41:07,-3.24,93,clear sky
2025-02-24 23:46:47,-3.24,93,clear sky
2025-02-24 23:51:58,-3.24,93,clear sky
2025-02-24 23:57:27,-3.24,93,clear sky
2025-02-25 02:57:50,3.76,60,broken clouds
2025-02-25 03:40:22,5.76,52,broken clouds
2025-02-25 03:49:08,5.76,52,broken clouds
2025-02-25 03:54:27,5.76,52,broken clouds
2025-02-25 04:00:13,5.76,52,broken clouds
2025-02-25 04:37:45,4.76,56,broken clouds
2025-02-25 04:45:30,4.76,56,broken clouds
2025-02-25 04:51:10,4.76,56,broken clouds
2025-02-25 04:56:54,4.76,56,broken clouds
2025-02-25 05:32:47,4.76,60,broken clouds
2025-02-25 05:42:05,4.76,60,broken clouds
2025-02-25 05:47:34,4.76,60,broken clouds
2025-02-25 05:53:18,4.76,60,broken clouds
2025-02-25 05:58:30,4.76,60,broken clouds
2025-02-25 06:43:11,4.76,65,broken clouds
2025-02-25 06:51:00,4.76,65,broken clouds
2025-02-25 06:56:38,4.76,65,broken clouds
2025-02-25 07:26:56,5.76,61,broken clouds
2025-02-25 07:35:19,5.76,61,broken clouds
2025-02-25 07:40:37,5.76,61,broken clouds
2025-02-25 07:46:13,5.76,61,broken clouds
2025-02-25 07:51:26,5.76,61,broken clouds
2025-02-25 07:56:56,5.76,61,broken clouds
2025-02-25 08:39:14,4.76,65,broken clouds
2025-02-25 08:50:55,4.76,65,broken clouds
2025-02-25 08:56:09,4.76,65,broken clouds
2025-02-25 09:31:15,4.76,70,broken clouds
2025-02-25 09:41:44,4.76,70,broken clouds
2025-02-25 09:47:11,4.76,70,broken clouds
2025-02-25 09:52:26,4.76,70,broken clouds
2025-02-25 09:57:36,4.76,70,broken clouds
2025-02-25 10:38:58,3.76,75,broken clouds
2025-02-25 10:46:20,3.76,75,broken clouds
2025-02-25 10:52:05,3.76,75,broken clouds
2025-02-25 10:57:12,3.76,75,broken clouds
2025-02-25 11:24:59,3.76,75,broken clouds
2025-02-25 11:30:20,3.76,75,broken clouds
2025-02-25 11:38:54,3.76,75,broken clouds
2025-02-25 11:44:13,3.76,75,broken clouds
2025-02-25 11:49:36,3.76,75,broken clouds
2025-02-25 11:54:55,3.76,75,broken clouds
2025-02-25 12:00:21,3.76,75,broken clouds
2025-02-25 13:05:19,3.76,81,scattered clouds
2025-02-25 13:38:31,1.76,93,scattered clouds
2025-02-25 13:44:36,1.76,93,scattered clouds
2025-02-25 13:50:11,1.76,93,scattered clouds
2025-02-25 13:55:25,1.76,93,scattered clouds
2025-02-25 14:37:22,1.76,93,scattered clouds
2025-02-25 14:45:47,1.76,93,scattered clouds
2025-02-25 14:51:25,1.76,93,scattered clouds
2025-02-25 14:56:42,1.76,93,scattered clouds
2025-02-25 15:32:58,2.76,93,scattered clouds
2025-02-25 15:44:12,2.76,93,scattered clouds
2025-02-25 15:49:41,2.76,93,scattered clouds
2025-02-25 15:55:35,2.76,93,scattered clouds
2025-02-25 16:43:00,2.76,93,mist
2025-02-25 16:53:11,2.76,93,mist
2025-02-25 16:58:42,2.76,93,mist
2025-02-25 17:37:02,2.76,100,mist
2025-02-25 17:43:52,2.76,100,mist
2025-02-25 17:49:15,2.76,100,mist
2025-02-25 17:54:18,2.76,100,mist
2025-02-25 18:00:04,2.76,100,mist
2025-02-25 18:44:33,2.76,100,mist
2025-02-25 18:51:56,2.76,100,mist
2025-02-25 18:57:11,2.76,100,mist
2025-02-25 19:22:16,0.58,80,clear sky
2025-02-25 19:27:31,1.76,100,mist
2025-02-25 19:36:53,1.76,100,mist
2025-02-25 19:42:17,1.76,100,mist
2025-02-25 19:48:15,1.76,100,mist
2025-02-25 19:53:44,1.76,100,mist
2025-02-25 19:59:08,1.76,100,mist
2025-02-25 20:32:15,-0.24,100,mist
2025-02-25 20:42:34,-0.24,100,mist
2025-02-25 20:47:50,-0.24,100,mist
2025-02-25 20:53:04,-0.24,100,mist
2025-02-25 20:58:20,-0.24,100,mist
2025-02-25 21:26:58,-0.26,56,clear sky
2025-02-25 21:36:40,-1.24,93,fog
2025-02-25 21:42:26,-1.24,93,fog
2025-02-25 21:47:55,-1.24,93,fog
2025-02-25 21:53:10,-1.24,93,fog
2025-02-25 21:58:40,-1.24,93,fog
2025-02-25 22:34:08,-4.24,100,fog
2025-02-25 22:42:38,-4.24,100,fog
2025-02-25 22:48:10,-4.24,100,fog
2025-02-25 22:53:46,-4.24,100,fog
2025-02-25 22:59:10,-4.24,100,fog
2025-02-25 23:26:49,-2.24,93,fog
2025-02-25 23:35:53,-2.24,93,fog
2025-02-25 23:41:19,-2.24,93,fog
2025-02-25 23:46:55,-2.24,93,fog
2025-02-25 23:52:30,-2.24,93,fog
2025-02-25 23:58:11,-2.24,93,fog
2025-02-26 02:56:30,4.76,45,haze
2025-02-26 03:42:34,6.76,26,clear sky
2025-02-26 03:51:04,6.76,26,clear sky
2025-02-26 03:56:43,6.76,26,clear sky
2025-02-26 04:40:33,7.76,17,clear sky
2025-02-26 04:50:34,7.76,17,clear sky
2025-02-26 04:55:48,7.76,17,clear sky
2025-02-26 05:32:24,7.76,21,clear sky
2025-02-26 05:42:03,7.76,21,clear sky
2025-02-26 05:47:18,7.76,21,clear sky
2025-02-26 05:52:52,7.76,21,clear sky
2025-02-26 05:58:16,7.76,21,clear sky
2025-02-26 06:43:21,7.76,19,clear sky
2025-02-26 06:51:14,7.76,19,clear sky
2025-02-26 06:56:32,7.76,19,clear sky
2025-02-26 07:26:19,7.76,18,clear sky
2025-02-26 07:36:00,7.76,18,clear sky
2025-02-26 07:41:18,7.76,18,clear sky
2025-02-26 07:46:41,7.76,18,clear sky
2025-02-26 07:52:15,7.76,18,clear sky
2025-02-26 07:57:30,7.76,18,clear sky
2025-02-26 08:39:56,6.76,19,clear sky
2025-02-26 08:51:24,6.76,19,clear sky
2025-02-26 08:56:48,6.76,19,clear sky
2025-02-26 09:31:30,4.76,22,clear sky
2025-02-26 09:42:11,4.76,22,clear sky
2025-02-26 09:47:47,4.76,22,clear sky
2025-02-26 09:53:14,4.76,22,clear sky
2025-02-26 09:58:31,4.76,22,clear sky
2025-02-26 10:38:52,2.76,23,clear sky
2025-02-26 10:46:09,2.76,23,clear sky
2025-02-26 10:51:35,2.76,23,clear sky
2025-02-26 10:56:50,2.76,23,clear sky
2025-02-26 11:24:23,2.78,40,clear sky
2025-02-26 11:29:41,1.76,27,clear sky
2025-02-26 11:37:46,1.76,27,clear sky
2025-02-26 11:43:21,1.76,27,clear sky
2025-02-26 11:49:00,1.76,27,clear sky
2025-02-26 11:54:40,1.76,27,clear sky
2025-02-26 12:00:03,1.76,27,clear sky
2025-02-26 13:05:09,0.76,37,clear sky
2025-02-26 13:38:26,-0.24,40,clear sky
2025-02-26 13:44:34,-0.24,40,clear sky
2025-02-26 13:49:50,-0.24,40,clear sky
2025-02-26 13:55:10,-0.24,40,clear sky
2025-02-26 14:35:58,-1.24,51,clear sky
2025-02-26 14:45:38,-1.24,51,clear sky
2025-02-26 14:51:22,-1.24,51,clear sky
2025-02-26 14:56:36,-1.24,51,clear sky
2025-02-26 15:35:27,-4.24,68,clear sky
2025-02-26 15:45:43,-4.24,68,clear sky
2025-02-26 15:51:13,-4.24,68,clear sky
2025-02-26 15:56:46,-4.24,68,clear sky
2025-02-26 16:43:13,-4.24,74,clear sky
2025-02-26 16:53:11,-4.24,74,clear sky
2025-02-26 16:58:24,-4.24,74,clear sky
2025-02-26 17:31:18,-5.24,63,clear sky
2025-02-26 17:40:55,-5.24,63,clear sky
2025-02-26 17:46:23,-5.24,63,clear sky
2025-02-26 17:51:55,-5.24,63,clear sky
2025-02-26 17:57:23,-5.24,63,clear sky
2025-02-26 18:43:01,0.05,55,clear sky
2025-02-26 18:51:22,0.05,55,clear sky
2025-02-26 18:56:53,0.05,55,clear sky
2025-02-26 19:21:35,0.15,57,clear sky
2025-02-26 19:26:49,0.15,57,clear sky
2025-02-26 19:37:22,0.07,56,clear sky
2025-02-26 19:42:36,0.07,56,clear sky
2025-02-26 19:48:10,0.07,56,clear sky
2025-02-26 19:53:38,0.07,56,clear sky
2025-02-26 19:59:07,0.07,56,clear sky
2025-02-26 20:31:43,-6.24,73,clear sky
2025-02-26 20:42:18,-6.24,73,clear sky
2025-02-26 20:48:11,-6.24,73,clear sky
2025-02-26 20:53:35,-6.24,73,clear sky
2025-02-26 20:59:19,-6.24,73,clear sky
2025-02-26 21:27:33,-6.24,79,clear sky
2025-02-26 21:36:08,-6.24,79,clear sky
2025-02-26 21:41:37,-6.24,79,clear sky
2025-02-26 21:47:28,-6.24,79,clear sky
2025-02-26 21:52:53,-6.24,79,clear sky
2025-02-26 21:58:21,-6.24,79,clear sky
2025-02-26 22:33:54,-6.24,86,clear sky
2025-02-26 22:42:39,-6.24,86,clear sky
2025-02-26 22:48:21,-6.24,86,clear sky
2025-02-26 22:54:04,-6.24,86,clear sky
2025-02-26 22:59:39,-6.24,86,clear sky
2025-02-26 23:30:30,-4.24,80,clear sky
2025-02-26 23:40:41,-4.24,80,clear sky
2025-02-26 23:46:20,-4.24,80,clear sky
2025-02-26 23:51:42,-4.24,80,clear sky
2025-02-26 23:57:15,-4.24,80,clear sky
2025-02-27 02:57:45,8.76,25,clear sky
2025-02-27 03:42:19,9.76,16,clear sky
2025-02-27 03:50:55,9.76,16,clear sky
2025-02-27 03:56:07,9.76,16,clear sky
2025-02-27 04:38:52,11.76,13,clear sky
2025-02-27 04:48:14,11.76,13,clear sky
2025-02-27 04:53:33,11.76,13,clear sky
2025-02-27 04:59:02,11.76,13,clear sky
2025-02-27 05:35:46,12.76,11,clear sky
2025-02-27 05:43:30,12.76,11,clear sky
2025-02-27 05:49:18,12.76,11,clear sky
2025-02-27 05:55:01,12.76,11,clear sky
2025-02-27 06:00:12,12.76,11,clear sky
2025-02-27 06:44:54,12.76,11,few clouds
2025-02-27 06:51:55,12.76,11,few clouds
2025-02-27 06:57:25,12.76,11,few clouds
2025-02-27 07:26:34,12.76,13,clear sky
2025-02-27 07:35:41,12.76,13,clear sky
2025-02-27 07:41:23,12.76,13,clear sky
2025-02-27 07:46:56,12.76,13,clear sky
2025-02-27 07:52:49,12.76,13,clear sky
2025-02-27 07:58:23,12.76,13,clear sky
2025-02-27 08:39:14,11.76,16,clear sky
2025-02-27 08:50:50,11.76,16,clear sky
2025-02-27 08:56:11,11.76,16,clear sky
2025-02-27 09:31:21,10.76,19,clear sky
2025-02-27 09:41:54,10.76,19,clear sky
2025-02-27 09:47:30,10.76,19,clear sky
2025-02-27 09:52:59,10.76,19,clear sky
2025-02-27 09:58:25,10.76,19,clear sky
2025-02-27 10:38:42,6.76,31,clear sky
2025-02-27 10:46:11,6.76,31,clear sky
2025-02-27 10:51:46,6.76,31,clear sky
2025-02-27 10:57:07,6.76,31,clear sky
2025-02-27 11:24:00,7.3,17,broken clouds
2025-02-27 11:29:15,2.76,41,clear sky
2025-02-27 11:38:21,2.76,41,clear sky
2025-02-27 11:43:47,2.76,41,clear sky
2025-02-27 11:48:59,2.76,41,clear sky
2025-02-27 11:54:19,2.76,41,clear sky
2025-02-27 11:59:57,2.76,41,clear sky
2025-02-27 13:14:43,5.92,17,overcast clouds
2025-02-27 13:41:01,-0.24,51,clear sky
2025-02-27 13:46:14,-0.24,51,clear sky
2025-02-27 13:51:43,-0.24,51,clear sky
2025-02-27 13:57:12,-0.24,51,clear sky
2025-02-27 14:37:15,-0.24,59,clear sky
2025-02-27 14:45:12,-0.24,59,clear sky
2025-02-27 14:50:23,-0.24,59,clear sky
2025-02-27 14:55:53,-0.24,59,clear sky
2025-02-27 15:33:00,0.76,60,broken clouds
2025-02-27 15:42:22,0.76,60,broken clouds
2025-02-27 15:47:42,0.76,60,broken clouds
2025-02-27 15:53:41,0.76,60,broken clouds
2025-02-27 15:59:04,0.76,60,broken clouds
2025-02-27 16:44:33,-0.24,69,broken clouds
2025-02-27 16:53:06,-0.24,69,broken clouds
2025-02-27 16:58:25,-0.24,69,broken clouds
2025-02-27 17:32:09,0.76,75,broken clouds
2025-02-27 17:41:36,0.76,75,broken clouds
2025-02-27 17:47:00,0.76,75,broken clouds
2025-02-27 17:52:36,0.76,75,broken clouds
2025-02-27 17:57:52,0.76,75,broken clouds
2025-02-27 18:43:44,0.76,64,broken clouds
2025-02-27 18:51:51,0.76,64,broken clouds
2025-02-27 18:57:34,0.76,64,broken clouds
2025-02-27 19:21:55,4,35,broken clouds
2025-02-27 19:27:08,-0.24,64,scattered clouds
2025-02-27 19:37:28,-0.24,64,scattered clouds
2025-02-27 19:42:54,-0.24,64,scattered clouds
2025-02-27 19:48:15,-0.24,64,scattered clouds
2025-02-27 19:53:55,-0.24,64,scattered clouds
2025-02-27 19:59:16,-0.24,64,scattered clouds
2025-02-27 20:32:11,-0.24,69,broken clouds
2025-02-27 20:42:48,-0.24,69,broken clouds
2025-02-27 20:48:10,-0.24,69,broken clouds
2025-02-27 20:53:37,-0.24,69,broken clouds
2025-02-27 20:58:58,-0.24,69,broken clouds
2025-02-27 21:27:34,-0.24,80,broken clouds
2025-02-27 21:37:06,-0.24,80,broken clouds
2025-02-27 21:42:46,-0.24,80,broken clouds
2025-02-27 21:48:20,-0.24,80,broken clouds
2025-02-27 21:53:35,-0.24,80,broken clouds
2025-02-27 21:58:58,-0.24,80,broken clouds
2025-02-27 22:36:35,1.76,64,broken clouds
2025-02-27 22:43:54,1.76,64,broken clouds
2025-02-27 22:49:19,1.76,64,broken clouds
2025-02-27 22:54:37,1.76,64,broken clouds
2025-02-27 23:00:09,1.76,64,broken clouds
2025-02-27 23:28:23,1.76,75,broken clouds
2025-02-27 23:37:52,1.76,75,broken clouds
2025-02-27 23:43:02,1.76,75,broken clouds
2025-02-27 23:48:45,1.76,75,broken clouds
2025-02-27 23:54:09,1.76,75,broken clouds
2025-02-27 23:59:21,1.76,75,broken clouds
2025-02-28 02:58:33,9.76,40,broken clouds
2025-02-28 03:41:53,10.76,58,broken clouds
2025-02-28 03:50:23,10.76,58,broken clouds
2025-02-28 03:55:40,10.76,58,broken clouds
2025-02-28 04:38:24,10.76,62,broken clouds
2025-02-28 04:47:18,10.76,62,broken clouds
2025-02-28 04:52:57,10.76,62,broken clouds
2025-02-28 04:58:17,10.76,62,broken clouds
2025-02-28 05:36:00,10.76,62,broken clouds
2025-02-28 05:43:58,10.76,62,broken clouds
2025-02-28 05:49:06,10.76,62,broken clouds
2025-02-28 05:54:47,10.76,62,broken clouds
2025-02-28 06:00:04,10.76,62,broken clouds
2025-02-28 06:43:35,11.76,58,broken clouds
2025-02-28 06:51:17,11.76,58,broken clouds
2025-02-28 06:56:37,11.76,58,broken clouds
2025-02-28 07:26:52,11.76,58,broken clouds
2025-02-28 07:34:58,11.76,58,broken clouds
2025-02-28 07:40:13,11.76,58,broken clouds
2025-02-28 07:45:23,11.76,58,broken clouds
2025-02-28 07:50:44,11.76,58,broken clouds
2025-02-28 07:56:01,11.76,58,broken clouds
2025-02-28 08:38:23,10.76,66,scattered clouds
2025-02-28 08:49:43,10.76,66,scattered clouds
2025-02-28 08:55:09,10.76,66,scattered clouds
2025-02-28 09:30:26,9.76,71,clear sky
2025-02-28 09:41:16,9.76,71,clear sky
2025-02-28 09:47:02,9.76,71,clear sky
2025-02-28 09:52:34,9.76,71,clear sky
2025-02-28 09:57:50,9.76,71,clear sky
2025-02-28 10:38:10,4.76,87,clear sky
2025-02-28 10:45:01,4.76,87,clear sky
2025-02-28 10:50:31,4.76,87,clear sky
2025-02-28 10:55:39,4.76,87,clear sky
2025-02-28 11:23:03,4.76,100,clear sky
2025-02-28 11:28:36,4.76,100,clear sky
2025-02-28 11:37:56,4.76,100,clear sky
2025-02-28 11:43:18,4.76,100,clear sky
2025-02-28 11:49:07,4.76,100,clear sky
2025-02-28 11:54:21,4.76,100,clear sky
2025-02-28 11:59:46,4.76,100,clear sky
2025-02-28 13:04:20,3.76,100,clear sky
2025-02-28 13:36:35,3.76,100,mist
2025-02-28 13:42:48,3.76,100,mist
2025-02-28 13:48:28,3.76,100,mist
2025-02-28 13:53:48,3.76,100,mist
2025-02-28 13:59:11,3.76,100,mist
2025-02-28 14:36:02,0.76,100,mist
2025-02-28 14:43:42,0.76,100,mist
2025-02-28 14:48:59,0.76,100,mist
2025-02-28 14:54:22,0.76,100,mist
2025-02-28 14:59:39,0.76,100,mist
2025-02-28 15:32:28,0.76,100,fog
2025-02-28 15:42:54,0.76,100,fog
2025-02-28 15:48:30,0.76,100,fog
2025-02-28 15:54:29,0.76,100,fog
2025-02-28 15:59:46,0.76,100,fog
2025-02-28 16:42:18,-1.24,100,fog
2025-02-28 16:49:50,-1.24,100,fog
2025-02-28 16:55:30,-0.24,93,fog
2025-02-28 17:30:06,-0.24,100,fog
2025-02-28 17:40:31,-0.24,100,fog
2025-02-28 17:45:49,-0.24,100,fog
2025-02-28 17:51:23,-0.24,100,fog
2025-02-28 17:56:44,-0.24,100,fog
2025-02-28 18:42:40,-1.24,100,fog
2025-02-28 18:51:03,-1.24,100,fog
2025-02-28 18:56:37,-1.24,100,fog
2025-02-28 19:23:03,-0.24,100,fog
2025-02-28 19:28:40,-0.24,100,fog
2025-02-28 19:37:37,-0.24,100,fog
2025-02-28 19:43:03,-0.24,100,fog
2025-02-28 19:48:23,-0.24,100,fog
2025-02-28 19:53:56,-0.24,100,fog
2025-02-28 19:59:10,-0.24,100,fog
2025-02-28 20:31:49,-0.24,100,fog
2025-02-28 20:43:26,-0.24,100,fog
2025-02-28 20:48:51,-0.24,100,fog
2025-02-28 20:54:24,-0.24,100,fog
2025-02-28 20:59:43,-0.24,100,fog
2025-02-28 21:26:59,-1.24,100,fog
2025-02-28 21:35:51,-1.24,100,fog
2025-02-28 21:41:30,-1.24,100,fog
2025-02-28 21:46:51,-1.24,100,fog
2025-02-28 21:52:04,-1.24,100,fog
2025-02-28 21:57:31,-1.24,100,fog
2025-02-28 22:33:48,-1.24,100,fog
2025-02-28 22:42:40,-1.24,100,fog
2025-02-28 22:48:14,-0.24,100,fog
2025-02-28 22:54:00,-0.24,93,fog
2025-02-28 22:59:18,-0.24,93,fog
2025-02-28 23:26:45,-0.24,100,fog
2025-02-28 23:35:46,-0.24,100,fog
2025-02-28 23:41:18,-0.24,100,fog
2025-02-28 23:46:47,-0.24,100,fog
2025-02-28 23:52:26,-0.24,100,fog
2025-02-28 23:57:41,-0.24,100,fog
2025-03-01 03:04:20,8.76,71,mist
2025-03-01 03:47:28,13.76,44,haze
2025-03-01 03:53:01,13.76,44,haze
2025-03-01 03:58:13,13.76,44,haze
2025-03-01 04:35:46,12.76,47,overcast clouds
2025-03-01 04:44:33,12.76,47,haze
2025-03-01 04:50:02,12.76,47,haze
2025-03-01 04:55:34,12.76,47,haze
2025-03-01 05:30:59,11.76,54,light rain
2025-03-01 05:41:10,11.76,54,light rain
2025-03-01 05:46:30,11.76,54,moderate rain
2025-03-01 05:52:11,11.76,54,moderate rain
2025-03-01 05:57:45,11.76,54,moderate rain
2025-03-01 06:41:22,10.76,82,moderate rain
2025-03-01 06:49:43,10.76,82,moderate rain
2025-03-01 06:55:08,10.76,82,broken clouds
2025-03-01 07:24:41,8.86,49,overcast clouds
2025-03-01 07:30:01,11.76,66,overcast clouds
2025-03-01 07:36:58,11.76,66,haze
2025-03-01 07:42:18,11.76,66,haze
2025-03-01 07:47:36,11.76,66,haze
2025-03-01 07:53:19,11.76,66,haze
2025-03-01 07:58:31,11.76,66,haze
2025-03-01 08:36:12,11.76,62,haze
2025-03-01 08:46:56,11.76,62,haze
2025-03-01 08:52:31,11.76,62,haze
2025-03-01 08:57:53,11.76,62,haze
2025-03-01 09:27:51,10.76,71,overcast clouds
2025-03-01 09:37:09,10.76,71,haze
2025-03-01 09:42:22,10.76,71,haze
2025-03-01 09:48:06,10.76,71,haze
2025-03-01 09:53:39,10.76,71,haze
2025-03-01 09:59:04,10.76,71,haze
2025-03-01 10:33:41,9.76,76,broken clouds
2025-03-01 10:41:44,9.76,76,broken clouds
2025-03-01 10:47:07,9.76,76,broken clouds
2025-03-01 10:52:54,9.76,76,broken clouds
2025-03-01 10:58:22,9.76,76,broken clouds
2025-03-01 11:20:57,7.76,81,overcast clouds
2025-03-01 11:26:08,7.76,81,overcast clouds
2025-03-01 11:38:06,7.76,81,broken clouds
2025-03-01 11:43:41,7.76,81,broken clouds
2025-03-01 11:49:13,7.76,81,broken clouds
2025-03-01 11:54:55,7.76,81,broken clouds
2025-03-01 12:00:10,7.76,81,broken clouds
2025-03-01 12:59:50,5.76,100,mist
2025-03-01 13:30:20,6.76,93,mist
2025-03-01 13:37:45,6.76,93,mist
2025-03-01 13:43:13,6.76,93,mist
2025-03-01 13:48:50,6.76,93,mist
2025-03-01 13:54:25,6.76,93,mist
2025-03-01 13:59:46,6.76,93,mist
2025-03-01 14:31:49,6.76,87,mist
2025-03-01 14:40:37,6.76,87,mist
2025-03-01 14:45:58,6.76,87,mist
2025-03-01 14:51:25,6.76,87,mist
2025-03-01 14:57:04,6.76,87,mist
2025-03-01 15:29:58,3.76,100,mist
2025-03-01 15:40:08,3.76,100,mist
2025-03-01 15:45:20,3.76,100,mist
2025-03-01 15:50:55,3.76,100,mist
2025-03-01 15:56:22,3.76,100,mist
2025-03-01 16:36:39,3.76,100,mist
2025-03-01 16:45:04,3.76,100,mist
2025-03-01 16:50:40,3.76,100,mist
2025-03-01 16:56:20,3.76,100,mist
2025-03-01 17:27:12,3.76,100,mist
2025-03-01 17:35:14,3.76,100,mist
2025-03-01 17:40:45,3.76,100,mist
2025-03-01 17:46:31,3.76,100,mist
2025-03-01 17:52:15,3.76,100,mist
2025-03-01 17:57:33,3.76,100,mist
2025-03-01 18:38:04,3.76,100,mist
2025-03-01 18:45:52,3.76,100,mist
2025-03-01 18:51:26,3.76,100,mist
2025-03-01 18:56:42,3.76,100,mist
2025-03-01 19:19:13,4.76,100,mist
2025-03-01 19:24:47,4.76,100,mist
2025-03-01 19:30:11,4.76,100,mist
2025-03-01 19:37:36,4.76,100,mist
2025-03-01 19:42:52,4.76,100,mist
2025-03-01 19:48:23,4.76,100,mist
2025-03-01 19:53:56,4.76,100,mist
2025-03-01 19:59:24,4.76,100,mist
2025-03-01 20:28:45,5.76,93,mist
2025-03-01 20:38:50,5.76,93,mist
2025-03-01 20:44:13,5.76,93,mist
2025-03-01 20:49:56,5.76,93,mist
2025-03-01 20:55:29,5.76,93,mist
2025-03-01 21:27:14,7.18,51,overcast clouds
2025-03-01 21:35:03,4.76,100,mist
2025-03-01 21:40:38,4.76,100,mist
2025-03-01 21:45:56,4.76,100,mist
2025-03-01 21:51:28,4.76,100,mist
2025-03-01 21:56:44,4.76,100,mist
2025-03-01 22:31:42,4.76,100,mist
2025-03-01 22:40:47,4.76,100,mist
2025-03-01 22:46:02,4.76,100,mist
2025-03-01 22:51:52,4.76,100,mist
2025-03-01 22:57:05,4.76,100,mist
2025-03-01 23:27:02,5.76,87,mist
2025-03-01 23:35:30,5.76,87,mist
2025-03-01 23:40:56,5.76,87,mist
2025-03-01 23:46:23,5.76,87,mist
2025-03-01 23:51:41,5.76,87,mist
2025-03-01 23:56:55,5.76,87,mist
2025-03-02 03:01:17,10.76,62,broken clouds
2025-03-02 03:42:45,12.76,54,broken clouds
2025-03-02 03:50:05,12.76,54,broken clouds
2025-03-02 03:55:26,12.76,54,broken clouds
2025-03-02 04:33:12,14.76,41,clear sky
2025-03-02 04:44:14,14.76,41,clear sky
2025-03-02 04:49:41,14.76,41,clear sky
2025-03-02 04:55:20,14.76,41,clear sky
2025-03-02 05:32:42,8.99,45,overcast clouds
2025-03-02 05:42:03,13.76,41,clear sky
2025-03-02 05:47:15,13.76,41,clear sky
2025-03-02 05:52:50,13.76,41,clear sky
2025-03-02 05:58:02,13.76,41,clear sky
2025-03-02 06:40:32,13.76,35,light rain
2025-03-02 06:48:55,13.76,35,moderate rain
2025-03-02 06:54:10,13.76,35,moderate rain
2025-03-02 06:59:24,13.76,35,moderate rain
2025-03-02 07:24:21,10.76,62,moderate rain
2025-03-02 07:29:31,10.76,62,moderate rain
2025-03-02 07:37:02,10.76,62,moderate rain
2025-03-02 07:42:26,10.76,62,moderate rain
2025-03-02 07:47:52,10.76,62,moderate rain
2025-03-02 07:53:27,10.76,62,moderate rain
2025-03-02 07:58:56,10.76,62,moderate rain
2025-03-02 08:34:23,7.76,93,moderate rain
2025-03-02 08:44:39,7.76,93,moderate rain
2025-03-02 08:49:54,7.76,93,moderate rain
2025-03-02 08:55:29,7.76,93,moderate rain
2025-03-02 09:29:01,6.76,100,heavy intensity rain
2025-03-02 09:38:16,6.76,100,moderate rain
2025-03-02 09:43:38,6.76,100,moderate rain
2025-03-02 09:49:26,6.76,100,moderate rain
2025-03-02 09:54:49,6.76,100,moderate rain
2025-03-02 10:00:01,6.76,100,moderate rain
2025-03-02 10:34:46,5.76,93,moderate rain
2025-03-02 10:41:45,5.76,93,moderate rain
2025-03-02 10:47:09,5.76,93,moderate rain
2025-03-02 10:52:36,5.76,93,moderate rain
2025-03-02 10:58:00,5.76,93,moderate rain
2025-03-02 11:21:18,4.76,93,moderate rain
2025-03-02 11:26:43,4.76,93,moderate rain
2025-03-02 11:36:05,4.76,93,moderate rain
2025-03-02 11:41:23,4.76,93,light rain
2025-03-02 11:46:43,4.76,93,light rain
2025-03-02 11:52:24,4.76,93,moderate rain
2025-03-02 11:57:59,4.76,93,moderate rain
2025-03-02 12:58:22,4.76,87,moderate rain
2025-03-02 13:29:46,3.76,93,moderate rain
2025-03-02 13:37:16,3.76,93,moderate rain
2025-03-02 13:42:51,3.76,93,light rain
2025-03-02 13:48:09,3.76,93,light rain
2025-03-02 13:53:41,3.76,93,light rain
2025-03-02 13:59:13,3.76,93,light rain
2025-03-02 14:31:05,2.76,93,moderate rain
2025-03-02 14:40:19,2.76,93,moderate rain
2025-03-02 14:45:31,2.76,93,moderate rain
2025-03-02 14:51:15,2.76,93,moderate rain
2025-03-02 14:56:40,2.76,93,moderate rain
2025-03-02 15:27:54,2.76,93,moderate rain
2025-03-02 15:38:42,2.76,93,heavy intensity rain
2025-03-02 15:43:46,2.76,93,moderate rain
2025-03-02 15:49:02,2.76,93,heavy intensity rain
2025-03-02 15:54:33,2.76,93,moderate rain
2025-03-02 16:00:02,2.76,93,moderate rain
2025-03-02 16:38:06,2.76,93,moderate rain
2025-03-02 16:45:10,2.76,93,moderate rain
2025-03-02 16:50:28,2.76,93,moderate rain
2025-03-02 16:55:46,2.76,93,moderate rain
2025-03-02 17:26:30,2.76,93,moderate rain
2025-03-02 17:36:38,2.76,93,moderate rain
2025-03-02 17:41:58,2.76,93,moderate rain
2025-03-02 17:47:39,2.76,93,moderate rain
2025-03-02 17:53:14,2.76,93,moderate rain
2025-03-02 17:58:36,2.76,93,moderate rain
2025-03-02 18:41:25,1.76,100,light rain
2025-03-02 18:49:40,1.76,100,moderate rain
2025-03-02 18:55:19,1.76,100,light rain
2025-03-02 19:18:52,0.25,98,snow
2025-03-02 19:24:39,0.25,98,snow
2025-03-02 19:30:03,1.76,100,moderate rain
2025-03-02 19:37:13,1.76,100,moderate rain
2025-03-02 19:42:48,1.76,100,moderate rain
2025-03-02 19:48:10,1.76,100,light rain
2025-03-02 19:53:45,1.76,100,moderate rain
2025-03-02 19:58:57,1.76,100,light rain
2025-03-02 20:28:27,0.76,100,moderate rain
2025-03-02 20:40:40,0.76,100,light rain
2025-03-02 20:46:07,0.76,100,moderate rain
2025-03-02 20:51:49,0.76,100,light rain
2025-03-02 20:57:19,0.76,100,light rain
2025-03-02 21:25:12,0.76,100,snow
2025-03-02 21:30:40,0.76,100,snow
2025-03-02 21:37:37,0.76,100,snow
2025-03-02 21:43:14,0.76,100,snow
2025-03-02 21:48:48,0.76,100,snow
2025-03-02 21:54:10,0.76,100,snow
2025-03-02 21:59:24,0.76,100,snow
2025-03-02 22:32:08,0.76,100,snow
2025-03-02 22:41:16,0.76,100,snow
2025-03-02 22:46:41,0.76,100,snow
2025-03-02 22:51:55,0.76,100,overcast clouds
2025-03-02 22:57:09,0.76,100,light snow
2025-03-02 23:25:40,1.76,93,broken clouds
2025-03-02 23:34:23,1.76,93,mist
2025-03-02 23:39:55,1.76,93,mist
2025-03-02 23:45:07,1.76,93,mist
2025-03-02 23:50:26,1.76,93,mist
2025-03-02 23:55:52,1.76,93,broken clouds
2025-03-03 03:00:41,4.76,65,clear sky
2025-03-03 03:45:12,5.76,56,clear sky
2025-03-03 03:53:47,5.76,56,clear sky
2025-03-03 03:58:58,5.76,56,clear sky
2025-03-03 04:39:18,6.76,57,clear sky
2025-03-03 04:49:12,6.76,57,clear sky
2025-03-03 04:54:41,6.76,57,clear sky
2025-03-03 05:00:18,6.76,57,clear sky
2025-03-03 05:36:01,6.76,57,clear sky
2025-03-03 05:43:57,6.76,57,clear sky
2025-03-03 05:49:36,6.76,57,clear sky
2025-03-03 05:55:08,6.76,57,clear sky
2025-03-03 06:45:18,5.76,52,clear sky
2025-03-03 06:53:19,5.76,52,clear sky
2025-03-03 06:58:54,5.76,52,clear sky
2025-03-03 07:28:33,4.76,52,clear sky
2025-03-03 07:37:50,4.76,52,clear sky
2025-03-03 07:43:12,4.76,52,clear sky
2025-03-03 07:48:43,4.76,52,clear sky
2025-03-03 07:53:57,4.76,52,clear sky
2025-03-03 07:59:15,4.76,52,clear sky
2025-03-03 08:40:05,4.76,52,clear sky
2025-03-03 08:50:32,4.76,52,clear sky
2025-03-03 08:56:07,4.76,52,clear sky
2025-03-03 09:33:05,3.76,52,clear sky
2025-03-03 09:43:39,3.76,52,clear sky
2025-03-03 09:49:05,3.76,52,clear sky
2025-03-03 09:54:27,3.76,52,clear sky
2025-03-03 09:59:45,3.76,52,clear sky
2025-03-03 10:40:26,2.76,56,clear sky
2025-03-03 10:48:30,2.76,56,clear sky
2025-03-03 10:53:59,2.76,56,clear sky
2025-03-03 10:59:26,2.76,56,clear sky
2025-03-03 11:25:54,0.92,51,overcast clouds
2025-03-03 11:36:07,1.76,55,clear sky
2025-03-03 11:41:26,1.76,55,clear sky
2025-03-03 11:46:59,1.76,55,clear sky
2025-03-03 11:52:33,1.76,55,clear sky
2025-03-03 11:58:01,1.76,55,clear sky
2025-03-03 13:14:12,1.76,51,clear sky
2025-03-03 13:41:52,1.76,51,clear sky
2025-03-03 13:47:08,1.76,51,clear sky
2025-03-03 13:52:48,1.76,51,clear sky
2025-03-03 13:58:03,1.76,51,clear sky
2025-03-03 14:37:43,1.76,48,clear sky
2025-03-03 14:46:12,1.76,48,clear sky
2025-03-03 14:51:39,1.76,48,clear sky
2025-03-03 14:57:21,1.76,48,clear sky
2025-03-03 15:33:06,1.76,51,clear sky
2025-03-03 15:44:09,1.76,51,clear sky
2025-03-03 15:49:45,1.76,51,clear sky
2025-03-03 15:55:05,1.76,51,clear sky
2025-03-03 16:42:26,1.76,55,clear sky
2025-03-03 16:54:29,1.76,55,clear sky
2025-03-03 16:59:34,1.76,55,clear sky
2025-03-03 17:32:04,1.76,51,clear sky
2025-03-03 17:41:46,1.76,51,clear sky
2025-03-03 17:47:14,1.76,51,clear sky
2025-03-03 17:52:44,1.76,51,light snow
2025-03-03 17:57:53,1.76,51,light snow
2025-03-03 18:41:04,1.76,51,clear sky
2025-03-03 18:51:34,1.76,51,clear sky
2025-03-03 18:57:09,1.76,51,clear sky
2025-03-03 19:21:57,1.76,55,clear sky
2025-03-03 19:27:27,1.76,55,clear sky
2025-03-03 19:37:28,1.76,55,clear sky
2025-03-03 19:42:43,1.76,55,clear sky
2025-03-03 19:48:07,1.76,55,clear sky
2025-03-03 19:53:31,1.76,55,clear sky
2025-03-03 19:58:59,1.76,55,clear sky
2025-03-03 20:32:45,1.76,55,clear sky
2025-03-03 20:44:48,1.76,55,light snow
2025-03-03 20:50:02,1.76,55,light snow
2025-03-03 20:55:18,1.76,55,snow
2025-03-03 21:28:47,1.76,55,clear sky
2025-03-03 21:42:17,1.76,55,clear sky
2025-03-03 21:47:31,1.76,55,clear sky
2025-03-03 21:53:18,1.76,55,clear sky
2025-03-03 21:58:38,1.76,55,clear sky
2025-03-03 22:35:11,2.76,52,moderate rain
2025-03-03 22:43:22,2.76,52,clear sky
2025-03-03 22:48:59,2.76,52,clear sky
2025-03-03 22:54:48,2.76,52,clear sky
2025-03-03 23:00:21,2.76,52,clear sky
2025-03-03 23:27:55,2.76,56,clear sky
2025-03-03 23:37:37,2.76,56,clear sky
2025-03-03 23:43:08,2.76,56,light rain
2025-03-03 23:48:36,2.76,56,snow
2025-03-03 23:53:49,2.76,56,snow
2025-03-03 23:59:18,2.76,56,snow
2025-03-04 03:01:16,0.76,100,snow
2025-03-04 03:45:32,0.76,100,snow
2025-03-04 03:52:22,0.76,100,snow
2025-03-04 03:57:38,0.76,100,snow
2025-03-04 04:39:01,1.76,100,snow
2025-03-04 04:48:29,1.76,100,snow
2025-03-04 04:53:39,1.76,100,snow
2025-03-04 04:59:05,1.76,100,snow
2025-03-04 05:33:33,1.76,100,light rain
2025-03-04 05:42:38,1.76,100,light rain
2025-03-04 05:48:17,1.76,100,light rain
2025-03-04 05:53:37,1.76,100,light rain
2025-03-04 05:58:48,1.76,100,light rain
2025-03-04 06:44:47,2.76,87,light rain
2025-03-04 06:52:22,2.76,87,light rain
2025-03-04 06:57:48,2.76,87,light rain
2025-03-04 07:27:50,2.76,93,light rain
2025-03-04 07:39:57,2.76,93,broken clouds
2025-03-04 07:45:17,2.76,93,broken clouds
2025-03-04 07:50:43,2.76,93,broken clouds
2025-03-04 07:56:17,2.76,93,broken clouds
2025-03-04 08:39:31,3.76,81,broken clouds
2025-03-04 08:51:24,3.76,81,broken clouds
2025-03-04 08:56:42,3.76,81,broken clouds
2025-03-04 09:32:14,3.76,70,broken clouds
2025-03-04 09:43:01,3.76,70,broken clouds
2025-03-04 09:48:40,3.76,70,broken clouds
2025-03-04 09:54:09,3.76,70,broken clouds
2025-03-04 09:59:29,3.76,70,broken clouds
2025-03-04 10:40:20,2.76,81,broken clouds
2025-03-04 10:48:34,2.76,81,broken clouds
2025-03-04 10:54:03,2.76,81,broken clouds
2025-03-04 10:59:22,2.76,81,broken clouds
2025-03-04 11:24:47,1.76,87,broken clouds
2025-03-04 11:30:11,1.76,87,broken clouds
2025-03-04 11:39:41,1.76,87,broken clouds
2025-03-04 11:44:59,1.76,87,broken clouds
2025-03-04 11:50:28,1.76,87,broken clouds
2025-03-04 11:55:56,1.76,87,broken clouds
2025-03-04 13:04:56,1.76,87,clear sky
2025-03-04 13:39:39,1.76,80,clear sky
2025-03-04 13:45:32,1.76,80,clear sky
2025-03-04 13:51:21,1.76,80,clear sky
2025-03-04 13:57:05,1.76,80,clear sky
2025-03-04 14:37:36,1.76,75,clear sky
2025-03-04 14:45:34,1.76,75,snow
2025-03-04 14:51:04,1.76,75,snow
2025-03-04 14:56:39,1.76,75,snow
2025-03-04 15:34:09,1.76,75,light snow
2025-03-04 15:45:05,1.76,75,clear sky
2025-03-04 15:50:41,1.76,75,light snow
2025-03-04 15:55:58,1.76,75,light snow
2025-03-04 16:44:05,1.76,75,clear sky
2025-03-04 16:54:05,1.76,75,clear sky
2025-03-04 16:59:43,1.76,75,clear sky
2025-03-04 17:32:10,1.76,75,clear sky
2025-03-04 17:41:28,1.76,75,clear sky
2025-03-04 17:47:13,1.76,75,clear sky
2025-03-04 17:52:25,1.76,75,clear sky
2025-03-04 17:57:38,1.76,75,clear sky
2025-03-04 18:45:32,1.76,75,clear sky
2025-03-04 18:52:57,1.76,75,clear sky
2025-03-04 18:58:15,1.76,75,clear sky
2025-03-04 19:21:48,1.15,76,overcast clouds
2025-03-04 19:27:08,1.76,75,clear sky
2025-03-04 19:36:58,1.76,75,clear sky
2025-03-04 19:42:19,1.76,75,clear sky
2025-03-04 19:47:43,1.76,75,clear sky
2025-03-04 19:53:16,1.76,75,clear sky
2025-03-04 19:58:36,1.76,75,clear sky
2025-03-04 20:31:34,1.76,75,clear sky
2025-03-04 20:42:30,1.76,75,clear sky
2025-03-04 20:48:10,1.76,75,light snow
2025-03-04 20:53:33,1.76,75,clear sky
2025-03-04 20:58:47,1.76,75,clear sky
2025-03-04 21:28:17,1.76,75,clear sky
2025-03-04 21:38:19,1.76,75,clear sky
2025-03-04 21:43:33,1.76,75,clear sky
2025-03-04 21:49:30,1.76,75,clear sky
2025-03-04 21:54:46,1.76,75,clear sky
2025-03-04 22:00:16,1.76,75,clear sky
2025-03-04 22:32:15,1.76,75,snow
2025-03-04 22:41:53,1.76,75,clear sky
2025-03-04 22:47:20,1.76,75,clear sky
2025-03-04 22:52:50,1.76,75,light snow
2025-03-04 22:58:19,1.76,75,clear sky
2025-03-04 23:27:24,1.76,75,clear sky
2025-03-04 23:37:13,1.76,75,clear sky
2025-03-04 23:42:35,1.76,75,clear sky
2025-03-04 23:48:01,1.76,75,clear sky
2025-03-04 23:53:28,1.76,75,clear sky
2025-03-04 23:59:06,1.76,75,clear sky
2025-03-05 02:59:39,4.76,65,clear sky
2025-03-05 03:42:53,4.76,65,clear sky
2025-03-05 03:52:16,4.76,65,clear sky
2025-03-05 03:57:28,4.76,65,clear sky
2025-03-05 04:38:05,5.76,65,clear sky
2025-03-05 04:48:12,5.76,65,clear sky
2025-03-05 04:53:25,5.76,65,clear sky
2025-03-05 04:59:02,5.76,65,clear sky
2025-03-05 05:36:00,6.76,61,clear sky
2025-03-05 05:43:31,6.76,61,clear sky
2025-03-05 05:48:47,6.76,61,clear sky
2025-03-05 05:54:09,6.76,61,clear sky
2025-03-05 05:59:29,6.76,61,clear sky
2025-03-05 06:45:07,7.76,57,broken clouds
2025-03-05 06:52:22,7.76,57,broken clouds
2025-03-05 06:57:36,7.76,57,broken clouds
2025-03-05 07:28:55,7.76,57,broken clouds
2025-03-05 07:41:41,7.76,57,broken clouds
2025-03-05 07:46:50,7.76,57,broken clouds
2025-03-05 07:52:00,7.76,57,broken clouds
2025-03-05 07:57:18,7.76,57,broken clouds
2025-03-05 08:40:58,7.76,57,clear sky
2025-03-05 08:52:28,7.76,57,clear sky
2025-03-05 08:57:46,7.76,57,clear sky
2025-03-05 09:32:20,6.76,61,clear sky
2025-03-05 09:42:59,6.76,61,clear sky
2025-03-05 09:48:19,6.76,61,clear sky
2025-03-05 09:53:43,6.76,61,clear sky
2025-03-05 09:59:04,6.76,61,clear sky
2025-03-05 10:39:45,4.76,65,few clouds
2025-03-05 10:47:31,4.76,65,few clouds
2025-03-05 10:53:08,4.76,65,few clouds
2025-03-05 10:58:33,4.76,65,few clouds
2025-03-05 11:25:00,3.76,75,few clouds
2025-03-05 11:30:22,3.76,75,few clouds
2025-03-05 11:39:17,3.76,75,few clouds
2025-03-05 11:44:48,3.76,75,few clouds
2025-03-05 11:50:02,3.76,75,few clouds
2025-03-05 11:55:29,3.76,75,few clouds
2025-03-05 13:05:21,3.76,81,clear sky
2025-03-05 13:39:11,1.76,93,clear sky
2025-03-05 13:45:10,1.76,93,clear sky
2025-03-05 13:50:58,1.76,93,clear sky
2025-03-05 13:56:27,1.76,93,clear sky
2025-03-05 14:36:47,1.76,87,clear sky
2025-03-05 14:45:22,1.76,87,clear sky
2025-03-05 14:50:43,1.76,87,clear sky
2025-03-05 14:55:56,1.76,87,clear sky
2025-03-05 15:32:03,0.76,80,clear sky
2025-03-05 15:43:58,0.76,80,clear sky
2025-03-05 15:49:28,0.76,80,clear sky
2025-03-05 15:55:01,0.76,80,clear sky
2025-03-05 16:00:30,0.76,80,clear sky
2025-03-05 16:52:58,-0.24,80,clear sky
2025-03-05 16:59:36,-0.24,80,clear sky
2025-03-05 17:32:23,-1.24,93,clear sky
2025-03-05 17:40:55,-1.24,93,clear sky
2025-03-05 17:46:27,-1.24,93,clear sky
2025-03-05 17:51:56,-1.24,93,clear sky
2025-03-05 17:57:13,-1.24,93,clear sky
2025-03-05 18:46:00,-2.24,93,clear sky
2025-03-05 18:53:41,-2.24,93,clear sky
2025-03-05 18:59:15,-2.24,93,clear sky
2025-03-05 19:23:09,1.97,53,clear sky
2025-03-05 19:28:18,1.97,53,clear sky
2025-03-05 19:39:17,-2.24,86,clear sky
2025-03-05 19:44:41,-2.24,86,clear sky
2025-03-05 19:49:54,-2.24,86,clear sky
2025-03-05 19:55:13,-2.24,86,clear sky
2025-03-05 20:32:10,-1.24,80,clear sky
2025-03-05 20:44:14,-1.24,80,clear sky
2025-03-05 20:49:46,-1.24,80,clear sky
2025-03-05 20:55:11,-1.24,80,clear sky
2025-03-05 21:27:35,-3.24,86,clear sky
2025-03-05 21:38:02,-3.24,86,clear sky
2025-03-05 21:43:27,-3.24,86,clear sky
2025-03-05 21:48:54,-3.24,86,clear sky
2025-03-05 21:54:28,-3.24,86,clear sky
2025-03-05 21:59:58,-3.24,86,clear sky
2025-03-05 22:35:40,-1.24,86,clear sky
2025-03-05 22:43:22,-1.24,86,clear sky
2025-03-05 22:48:52,-1.24,86,clear sky
2025-03-05 22:54:09,-1.24,86,clear sky
2025-03-05 22:59:38,-1.24,86,clear sky
2025-03-05 23:29:35,-0.24,80,clear sky
2025-03-05 23:40:27,-0.24,80,clear sky
2025-03-05 23:46:03,-0.24,80,clear sky
2025-03-05 23:51:34,-0.24,80,clear sky
2025-03-05 23:57:09,-0.24,80,clear sky
2025-03-06 03:00:03,5.76,56,clear sky
2025-03-06 03:44:07,6.76,53,clear sky
2025-03-06 03:51:24,6.76,53,clear sky
2025-03-06 03:56:36,6.76,53,clear sky
2025-03-06 04:39:22,7.76,46,clear sky
2025-03-06 04:50:24,7.76,46,clear sky
2025-03-06 04:55:46,7.76,46,clear sky
2025-03-06 05:33:11,8.76,40,clear sky
2025-03-06 05:44:49,8.76,40,clear sky
2025-03-06 05:50:15,8.76,40,clear sky
2025-03-06 05:55:45,8.76,40,clear sky
2025-03-06 06:44:11,8.76,40,clear sky
2025-03-06 06:51:42,8.76,40,clear sky
2025-03-06 06:56:53,8.76,40,clear sky
2025-03-06 07:12:22,8.39,32,clear sky
2025-03-06 07:27:42,9.76,37,clear sky
2025-03-06 07:36:26,9.76,37,clear sky
2025-03-06 07:43:28,9.76,37,clear sky
2025-03-06 07:48:59,9.76,37,clear sky
2025-03-06 07:54:16,9.76,37,clear sky
2025-03-06 07:59:43,9.76,37,clear sky
2025-03-06 08:21:39,8.76,40,clear sky
2025-03-06 08:39:02,8.76,40,clear sky
2025-03-06 08:48:55,8.76,40,clear sky
2025-03-06 08:54:15,8.76,40,clear sky
2025-03-06 08:59:45,8.76,40,clear sky
2025-03-06 09:18:10,6.76,53,clear sky
2025-03-06 09:31:50,6.76,53,clear sky
2025-03-06 09:40:38,6.76,53,clear sky
2025-03-06 09:46:05,6.76,53,clear sky
2025-03-06 09:51:32,6.76,53,clear sky
2025-03-06 09:57:04,6.76,53,clear sky
2025-03-06 10:12:17,7.77,30,scattered clouds
2025-03-06 10:34:24,5.76,45,clear sky
2025-03-06 10:45:03,5.76,45,clear sky
2025-03-06 10:50:35,5.76,45,clear sky
2025-03-06 10:55:57,5.76,45,clear sky
2025-03-06 11:07:54,4.76,45,clear sky
2025-03-06 11:21:52,4.76,45,clear sky
2025-03-06 11:28:18,4.76,45,clear sky
2025-03-06 11:35:30,4.76,45,clear sky
